{
  "width" : 5456,
  "height" : 3632,
  "fov_x" : 1.361356816555577,
  "fov_y" : 0.9888172833160748
}
