{
  "width" : 5456,
  "height" : 3632,
  "fov_x" : 0.68067840827,
  "fov_y" : 0.49440864165
}
